id, nome
"1, Marcos"
"2, Jorge"
"3, Darb Toma"
"4, Egan Sancho"
"5, Ripley Feehely"
"6, Cacilia Elfleet"
"7, Irvine Kilday"
"8, Priscella Burthom"
"9, Lucine Ruberti"
"10, Eolande Haliburn"
"11, Nealson Creamer"
"12, Malvin Dacey"
"13, Shaylah Yashanov"
"14, Kenneth Tessier"
"15, Jeane Scoles"
"16, Sheppard Lowey"
"17, Wally Pipet"
"18, Devan Wimmers"
"19, Leoine Cady"
"20, Cybill Bussy"
"21, Donnell Nicholl"
"22, Ardine Drewitt"
"23, Ernestine Brecknock"
"24, Jsandye Lambertson"
"25, Ladonna Biner"
"26, Kira Creeboe"
"27, Simonette Trendle"
"28, Maurise Langstone"
"29, Wilone Thomerson"
"30, Deb Benbow"
"31, Bourke Elijahu"
"32, Marinna Gunthorpe"
"33, Demetrius Goldin"
"34, Quintina Jepps"
"35, Beau Shawdforth"
"36, Errol Gullen"
"37, Odey Dobson"
"38, Alberik Sorby"
"39, Berne Dorin"
"40, Abey Burdoun"
"41, Hal Mewburn"
"42, Koo Doerr"
"43, Cal Robbey"
"44, Gabby Wallsworth"
"45, Candie Corse"
"46, Nefen Pressdee"
"47, Dede Stripling"
"48, Suzy Westmarland"
"49, Moreen Jackways"
"50, Gualterio Toor"
"51, Joelynn Rivilis"
"52, Lainey Afield"
"53, Domenico Rawes"
"54, Bonni Pavlov"
"55, Anselm Inmett"
"56, Nanice Cumber"
"57, Erasmus Beesley"
"58, Tabb Breazeall"
"59, Fey Pedroli"
"60, Mikey Venable"
"61, Ham Melato"
"62, Tobias Maxsted"
"63, Xymenes FitzGibbon"
"64, Dorian Hamlington"
"65, Auberta Sambell"
"66, Suki Zebedee"
"67, Fae Pigford"
"68, Elissa Di Iorio"
"69, Bobinette Fairy"
"70, Gayla McGibbon"
"71, Daffie Olivey"
"72, Ransell Kiff"
"73, Early Esby"
"74, Andeee Wooderson"
"75, Shoshana Summerlee"
"76, Graehme Duchenne"
"77, Lothaire Jedraszek"
"78, Rudolf Verriour"
"79, Bernhard Calcutt"
"80, Free Kristoffersen"
"81, Walker Titherington"
"82, Maria Grevatt"
"83, Colline Pinkett"
"84, Louella Kilalea"
"85, Herschel Dewerson"
"86, Carine Worsnip"
"87, Antonie Dressel"
"88, Winne Digwood"
"89, Valida Turrell"
"90, Darrelle McMichan"
"91, Antonina Leechman"
"92, Kaspar Juszczyk"
"93, Levy Binding"
"94, Marabel Mazdon"
"95, Loleta Spellman"
"96, Lombard Featherstone"
"97, Livvyy Albin"
"98, Fax Spoward"
"99, Frederich Covell"
"100, Ninnetta Gronou"
"101, Tracey Scolli"
"102, Siffre Libbie"
"103, Pincas Cavanagh"
"104, Freeland Mintoft"
"105, Janaye Ramos"
"106, Yvette Korbmaker"
"107, Jany Kroch"
"108, Julian Ors"
"109, Schuyler Lelievre"
"110, Gordan Unstead"
"111, Case Burgan"
"112, Jeane Du Fray"
"113, Kathye Cockayme"
"114, Willetta Ogbourne"
"115, Sascha Leftridge"
"116, Torry Leader"
"117, Coraline Hagston"
"118, Eryn Wiggin"
"119, Stinky Thursfield"
"120, Claretta Biasotti"
"121, Clywd Kiellor"
"122, Mateo Iron"
"123, Erick Ody"
"124, Donall Blewett"
"125, Davine Wyeld"
"126, Stafani Couzens"
"127, Verena Ganforth"
"128, Ansell Sandison"
"129, Brunhilda Torn"
"130, Flossi Sirman"
"131, Virgie Ewert"
"132, Atlante Cossar"
"133, Buiron Goodfield"
"134, Carolus Peart"
"135, Zorina Kent"
"136, Delainey Wellstood"
"137, Robby Scraney"
"138, Nesta Matten"
"139, Carlyle Torrent"
"140, Homer McTerlagh"
"141, Ellwood Doughty"
"142, Dore Lavelle"
"143, Haleigh Veck"
"144, Roana Somerville"
"145, Rochester Geldart"
"146, Bron Bellchamber"
"147, Stanislaw Leatham"
"148, Charmain Garvey"
"149, Felix Charley"
"150, Consuelo Trowill"
"151, Silvio Tofful"
"152, Ashlen Scritch"
"153, Waylin Kliemann"
"154, Webster Fullun"
"155, Madalyn Dictus"
"156, Lyndy Brownlow"
"157, Zebulon Danilishin"
"158, Eb Anstiss"
"159, Wolfgang Glassopp"
"160, Parry Lamartine"
"161, Kerri Gherardesci"
"162, Clayton Peace"
"163, Mickie Frankom"
"164, Adan Menichillo"
"165, Trent Newark"
"166, Martynne Kevlin"
"167, Vince Feltham"
"168, Dun Aspital"
"169, Troy Birkenshaw"
"170, Alyssa Dils"
"171, Deina Giovanardi"
"172, Thomasa Wiggins"
"173, Galvin Waddup"
"174, Malorie Welman"
"175, Goldi Rubinovici"
"176, Yorker Denisyuk"
"177, Brennan McCurrie"
"178, Edmund Dundin"
"179, Weylin Miroy"
"180, Ronalda Yarnton"
"181, Kai de Quincey"
"182, Melitta Carmichael"
"183, Lilian Lippatt"
"184, Tracie Winspurr"
"185, Dierdre Loweth"
"186, Dillie Johnes"
"187, Zacharias Nund"
"188, Arlyn Dominico"
"189, Sloan Estable"
"190, Charlean Jenner"
"191, Courtney Dudeney"
"192, Cecelia Divers"
"193, Wilie Wignall"
"194, Maryjo Baddow"
"195, Parsifal Cowing"
"196, Marga Marking"
"197, Welbie Whitebread"
"198, Jarrett Bickerdyke"
"199, Belia Tippler"
"200, Elsie Kures"
"201, Felice Thieme"
"202, Emilio Kubecka"
"203, Perla Leahey"
"204, Phil Lyttle"
"205, Leodora Mourge"
"206, Zacharias Khan"
"207, Edmund Pflieger"
"208, Kirstyn Kall"
"209, Bud Chapellow"
"210, Veronica Hauch"
"211, Reina Rosencwaig"
"212, Agneta Bertelet"
"213, Magdalene Bertrand"
"214, Mattie Dyball"
"215, Aile Lesurf"
"216, Tonya Jakubiak"
"217, Bert Brunner"
"218, Manon Everwin"
"219, Ly Pashbee"
"220, Pat Kynsey"
"221, Giffard Krysztowczyk"
"222, Jasper Colvine"
"223, Morley Levi"
"224, Mathilda Prise"
"225, Kial Hemstead"
"226, Dud Kennelly"
"227, Nicolle Kleinholz"
"228, Harriett Willman"
"229, Antonina Bennit"
"230, Jerrie Rushford"
"231, Ulises Drummer"
"232, Karie Meighan"
"233, Annette McGrath"
"234, Irvin Skelbeck"
"235, Marianne Canton"
"236, Minette Rolinson"
"237, Blair Machon"
"238, Calypso Brownlow"
"239, Verile Vasyuchov"
"240, Oberon Colpus"
"241, Gayle Gotling"
"242, Allyn Henkmann"
"243, Ephraim Grzeskowski"
"244, Lorita Donnan"
"245, Basia Loude"
"246, Vera Rhymes"
"247, Johnna Shearsby"
"248, Arie Birchwood"
"249, Alecia Fashion"
"250, Swen Lesper"
"251, Catlee Woloschin"
"252, Annie Ashenhurst"
"253, Roscoe Smorthit"
"254, Ashbey Kirsch"
"255, Karel Moxham"
"256, Lyndell Graser"
"257, Maddalena Danaher"
"258, Nellie Shurrocks"
"259, Sam Boothby"
"260, Win Winchester"
"261, Eve Idel"
"262, Gerrilee Sheehan"
"263, Lida Northcote"
"264, Frances Leeman"
"265, Dave Petrozzi"
"266, Meridith Lenahan"
"267, Cord Archbutt"
"268, Hermina Nyles"
"269, Tuck Hovell"
"270, Cathee MacKonochie"
"271, Dorisa Rushmare"
"272, Anita Ransfield"
"273, Shea Stradling"
"274, Bill Heinecke"
"275, Marlon L' Anglois"
"276, Grove Wickersham"
"277, Derk Weddell"
"278, Eb Jayne"
"279, Constantia Studeart"
"280, Nicko Stanman"
"281, Kaylil Lowen"
"282, Blayne Leffek"
"283, Alvera Tramel"
"284, Melisenda Obeney"
"285, Christophe Luxmoore"
"286, Kaile Keddey"
"287, Siegfried Sheather"
"288, Ewan Shawcross"
"289, Noel Cunnington"
"290, Alberta Mault"
"291, Nancy Kemmey"
"292, Felisha Javes"
"293, Evelyn Nursey"
"294, Odella Hove"
"295, Currie Van Velden"
"296, Christiano Dubbin"
"297, Irvine Mullane"
"298, Stacia Hazelby"
"299, Benedicto McTurley"
"300, Phylis Kintish"
"301, Wendell Station"
"302, Ibby Fontell"
"303, Haily Bissill"
"304, Lisa Skuse"
"305, Keefer Huonic"
"306, Saba Cadle"
"307, Jocelyn Standeven"
"308, Dew Ugoletti"
"309, Karalynn Studdeard"
"310, Jeane Menicomb"
"311, Cheston Blaymires"
"312, Dalenna Hamby"
"313, Harrietta Kerner"
"314, Paulie Kettlesting"
"315, Avivah Cicchillo"
"316, Lin Beswetherick"
"317, Nellie Blankhorn"
"318, Tymon Tallent"
"319, Theobald Pilmore"
"320, Agustin Horsefield"
"321, Lela Giacomini"
"322, Angelina Forst"
"323, Dot Keddy"
"324, Althea Smees"
"325, Hamlen Dedam"
"326, Roselle Bone"
"327, Chas Steabler"
"328, Shir Feltham"
"329, Ferdie Giraldon"
"330, Matti Gibbeson"
"331, May Heighton"
"332, Lurline Vasiliu"
"333, Elka Goggey"
"334, Frederic Shipsey"
"335, Trevor Dalliston"
"336, Darwin Howis"
"337, Vonni Lantiff"
"338, Tyler Fothergill"
"339, Moritz Ollie"
"340, Anya Alcoran"
"341, Huntley Daborne"
"342, Torry Crocumbe"
"343, Drugi MacIlwrick"
"344, Carey Wilkin"
"345, Elyse Grzelak"
"346, Faber Freschi"
"347, Gus Andri"
"348, Deva Seyler"
"349, Quintus Garoghan"
"350, Geraldine Sabie"
"351, Amalia Ramsell"
"352, Rubetta Janodet"
"353, Farica Compston"
"354, Em Bladder"
"355, Dorolisa Diffley"
"356, Betty Praundl"
"357, Leilah Jeffray"
"358, Willi Eddicott"
"359, Bartie Clayborn"
"360, Hillary Sesser"
"361, Konrad Kilmurray"
"362, Dulcia Hoyle"
"363, Celestyn Oselton"
"364, Alon Royl"
"365, Helenelizabeth Stanyforth"
"366, Rina Bannister"
"367, Debby Boddis"
"368, Karole Rechert"
"369, Jodie Stachini"
"370, Ernest Hencke"
"371, Dorelia Tregaskis"
"372, Candice Swindell"
"373, Verina von Grollmann"
"374, Darb Duffield"
"375, Fairlie Annon"
"376, Felicdad Iohananof"
"377, Leonie Caiger"
"378, Burtie Mountney"
"379, Corbie Wittke"
"380, Minnnie Mullaney"
"381, Joannes Manley"
"382, Oswell Buckland"
"383, Daniella Ryles"
"384, Denis Joules"
"385, Bernardine Ruprecht"
"386, Danyelle Wank"
"387, Garek Morphet"
"388, Amye Jelkes"
"389, Paolina Brisland"
"390, Mendel Duns"
"391, Tarrance Monger"
"392, Leda Helversen"
"393, Martguerita Charon"
"394, Brand Goodding"
"395, Angelle Dust"
"396, Powell Frances"
"397, Bernita Dugan"
"398, Meaghan Geeve"
"399, Willetta Tutin"
"400, Gabby Lorenzini"
"401, Christoforo Cogley"
"402, Lauritz Malthouse"
"403, Rheba Daal"
"404, Dinah Bleakley"
"405, Ambrosi Warde"
"406, Aubree Tancock"
"407, Howard Brecon"
"408, Rebekah Glusby"
"409, Dyanne Hedgeman"
"410, Torrence Wollrauch"
"411, Park Skitch"
"412, Tom Leppo"
"413, Casper Godsafe"
"414, Danny Outibridge"
"415, Clerissa Tulk"
"416, Ranna O'Fielly"
"417, Doe Rubbert"
"418, Fanni Hevner"
"419, Merlina Cordelette"
"420, Bary Fairall"
"421, Noach Headrick"
"422, Anderea Dreye"
"423, Levy Jochanany"
"424, Tremayne Fell"
"425, Gilbertine Prandin"
"426, Lothario Gelland"
"427, Noak Nation"
"428, Agretha Coultard"
"429, Zach Habercham"
"430, Marchelle Lorraine"
"431, Idell Tottle"
"432, Noell Alvar"
"433, Sheeree Tessington"
"434, Kiel Gile"
"435, Raimund Seawright"
"436, Nataline Kimbrey"
"437, Em Sturror"
"438, Darsie Whybray"
"439, Salvatore Cocklie"
"440, Ciel Kolinsky"
"441, Gisela Francillo"
"442, Jacob Sang"
"443, Oralia Lorenzetto"
"444, Glynis Skene"
"445, Zita Bellelli"
"446, Nita Milton-White"
"447, Carlin Flaunders"
"448, Cherish Rosewell"
"449, Fredi de la Valette Parisot"
"450, Tory Clee"
"451, Marnie Eicke"
"452, Rodger MacMichael"
"453, Maybelle Sumers"
"454, Lily Wasylkiewicz"
"455, Camila Goldsack"
"456, Violet Charle"
"457, Livvie Lohering"
"458, Earl Hocking"
"459, Fred Wanley"
"460, Anabal Campanelli"
"461, Maryellen Torrisi"
"462, Tabby O'Lagen"
"463, Cristy Kintish"
"464, Codi McCaighey"
"465, Ingelbert Tarney"
"466, Dore Hebblewhite"
"467, Moselle Vasovic"
"468, Edin Beagley"
"469, Federico Ruberti"
"470, Gonzales Syphus"
"471, Ira Danev"
"472, Vikky Laingmaid"
"473, Dominic Tapping"
"474, Halsey Chafney"
"475, Erin Stenner"
"476, Vince Krojn"
"477, Sherm Renachowski"
"478, Pris McElane"
"479, Jacki Winspeare"
"480, Ruthi Fucher"
"481, Wilie Burgis"
"482, Dorisa Pesak"
"483, Waldo Deverall"
"484, Annissa Wynett"
"485, Virgilio Honeyghan"
"486, Horten MacFarlan"
"487, Morry Jerrard"
"488, Sascha Oldfield-Cherry"
"489, Zsazsa Chasles"
"490, Alvy Shambrook"
"491, Jaquelin Mugridge"
"492, Siegfried Stannard"
"493, Madelyn Riddle"
"494, Ingaberg Cookes"
"495, Babbette Bulford"
"496, Dix Britto"
"497, Gabey Estable"
"498, Sherri Stiling"
"499, Cathie Stripp"
"500, Letta Lansdale"
"501, Marrissa Butchart"
"502, Inglebert Drewes"
"503, Bernetta MacCombe"
"504, Barbette Blazeby"
"505, Eddi Pittford"
"506, Candice Chartre"
"507, Tabatha Lerwill"
"508, Milty Gawthorp"
"509, Kym Biasio"
"510, Kirstyn Biggin"
"511, Nanete Joyes"
"512, Jodi Nawton"
"513, Dorrie Willingale"
"514, Willy Bush"
"515, Cissy Lanney"
"516, Angeline Lauthian"
"517, Benny O' Kelleher"
"518, Sibella Chisnall"
"519, Felipa Mines"
"520, Kordula Ogden"
"521, Urbano Slatcher"
"522, Barty Sprowle"
"523, Byran Eadmeades"
"524, Ware Cathrall"
"525, Brandie Leathwood"
"526, Ebonee Chittleburgh"
"527, Dolly Swanston"
"528, Astrid Pioch"
"529, Michail Wycherley"
"530, Urbain Mizzen"
"531, Wandis Morena"
"532, Cherise Chrystie"
"533, Tabbie Simonaitis"
"534, Theo Whiffin"
"535, Noby Richly"
"536, Gustie McBeath"
"537, Jacquelynn Rickford"
"538, Phillipp Demicoli"
"539, Gaultiero Blowers"
"540, Carlen Frogley"
"541, Link Reddecliffe"
"542, Hatty Ravenhills"
"543, Ezechiel Hoyles"
"544, Hillyer Tickner"
"545, Harley Reveley"
"546, Cristian Rathke"
"547, Teressa Angliss"
"548, Verge Cohen"
"549, Vivienne Ivanov"
"550, Brewster Buntin"
"551, Lenard Ruppertz"
"552, Brod Rendall"
"553, Brook Stilling"
"554, Toddie Ambage"
"555, Angeli Reinisch"
"556, Shellie Hammant"
"557, Sterling Sibson"
"558, Wren Sirette"
"559, Dianemarie Holmyard"
"560, Caz Seddon"
"561, Molly Lorek"
"562, Ardisj Wretham"
"563, Silvia Ribeiro"
"564, Lanni Kobiera"
"565, Luz Boutellier"
"566, Octavius Kestian"
"567, Fan Westrip"
"568, Evin Fernyhough"
"569, Clem Domelow"
"570, Albertine Close"
"571, Willdon Whitehorne"
"572, Orlan Aslott"
"573, Ferd Behnecke"
"574, Rodney Melby"
"575, Roxane Jansa"
"576, Vera Palfreyman"
"577, Ardis Blasi"
"578, Averyl Abbotts"
"579, Thatch Helsdon"
"580, Garwood Greenroyd"
"581, Tasha Ferrino"
"582, Gasper Fishbourn"
"583, Garald Piel"
"584, Jordan Gurg"
"585, Dur Olek"
"586, Inez Hebblewaite"
"587, Martino Orsman"
"588, Merle Staynes"
"589, Celie Sheward"
"590, Sylvia Gilardengo"
"591, Juanita Gottschalk"
"592, Adela Beardon"
"593, Freddi Howler"
"594, Morris Oran"
"595, Trefor Crocombe"
"596, Witty Jaqueme"
"597, Aube McClosh"
"598, Edna McReath"
"599, Cayla Aiers"
"600, Tonie Duckerin"
"601, Benton Lemm"
"602, Garrett Alyonov"
"603, Jorrie Heard"
"604, Gunar Brockelsby"
"605, Smith Strange"
"606, Corenda Kingman"
"607, Irvine Powell"
"608, Kenneth Messitt"
"609, Mattie Smetoun"
"610, Theodore Luckin"
"611, Iorgos O' Bee"
"612, Ignazio Edridge"
"613, Alic McGloughlin"
"614, Jemimah Willmott"
"615, Fayre Casaroli"
"616, Riley Llorente"
"617, Harrie Inott"
"618, Karel McPaik"
"619, Nona Marquis"
"620, Minda Donnett"
"621, Jodi Messier"
"622, Courtney Wagstaffe"
"623, Worthington Robbel"
"624, Cindra Kordt"
"625, Garreth Knoble"
"626, Natasha Parzizek"
"627, Ashia Ulyat"
"628, Eveleen Coombs"
"629, Irma Novichenko"
"630, Emma Surgen"
"631, Hugibert Abberley"
"632, Pennie Lafrentz"
"633, Leigh Mompesson"
"634, Tait McClunaghan"
"635, Feodor Droogan"
"636, Gianni Gellan"
"637, Mahalia Styche"
"638, Ham Gravenall"
"639, Roy Hulson"
"640, Ambrosius McKomb"
"641, Selena Falconar"
"642, Sampson Jaimez"
"643, Carine Nockalls"
"644, Sharline Walasik"
"645, Konstance Turn"
"646, Portie Terrill"
"647, Ebenezer Penticoot"
"648, Raye Garmston"
"649, Frank Fildery"
"650, Dee Instrell"
"651, Kellsie Markwelley"
"652, Ellie Marrable"
"653, Franny Chalfant"
"654, Sergeant Moberley"
"655, Ilse Hawkridge"
"656, Florette Falks"
"657, Ermentrude Matyugin"
"658, Tadd Abramovic"
"659, Salem Dunster"
"660, Tomasine Froude"
"661, Zoe Ennion"
"662, Sinclair Cleynaert"
"663, Bernhard Jackalin"
"664, Jack Grundon"
"665, Joya Alleway"
"666, Olivero Mattholie"
"667, Nappy Strasse"
"668, Wenonah MacPadene"
"669, Addison Lapthorne"
"670, Trista Treadaway"
"671, Susanne Mallock"
"672, Traver Erswell"
"673, Michaela Grisard"
"674, Jason Shilliday"
"675, Dawna Privett"
"676, Freddi McGerraghty"
"677, Cherida Scardafield"
"678, Cathie Firth"
"679, Danny Tedman"
"680, Elinor Shwenn"
"681, Jaynell Jayes"
"682, Billi Streak"
"683, Gino Clemes"
"684, Silvan Gianneschi"
"685, Goddart Glamart"
"686, Karine Powley"
"687, Abel Jakaway"
"688, Clay BoHlingolsen"
"689, Lara Cordner"
"690, Fair Zollner"
"691, Benjy Upham"
"692, Salomon Tuson"
"693, Hyacinthe Fenby"
"694, Burl Timmermann"
"695, Natalee Darrach"
"696, Alexander Pert"
"697, Edgard Ayrs"
"698, Rachel Saul"
"699, York Cheel"
"700, Shandie Cuthbert"
"701, Quentin Fitzharris"
"702, Lindsey Flaverty"
"703, Elsi Dominka"
"704, Harv Korneev"
"705, Denys Shee"
"706, Aigneis Forcade"
"707, Edithe Pate"
"708, Ulises Braham"
"709, Woodie Le Franc"
"710, Jefferson Cobden"
"711, Sheba Eyckel"
"712, Sandra Barta"
"713, Tasia Lowndesbrough"
"714, Shel Keming"
"715, Sherrie O'Bradane"
"716, Dorothee Beadon"
"717, Millard Eynaud"
"718, Adan Jeffries"
"719, Hadria Bolter"
"720, Kat Gaskins"
"721, Karyn Orton"
"722, Fionna Ludlom"
"723, Babita Tether"
"724, Obidiah Canny"
"725, Lorain Ide"
"726, Zed Abbotson"
"727, Bondon Caruth"
"728, Emlyn Ahrenius"
"729, Osmund Cradick"
"730, Felicia Tume"
"731, Araldo McEnery"
"732, Tabbitha Whittet"
"733, Hort Philpault"
"734, Klarrisa Dunniom"
"735, Sheffield Gokes"
"736, Korry Clarricoates"
"737, Ferdinand Reasce"
"738, Eldridge Warlton"
"739, Gayla MacCostye"
"740, Melinde Combes"
"741, Timmy Honig"
"742, Konstance Conachy"
"743, Noelle Gumbrell"
"744, Kelvin Nestle"
"745, Haleigh Paulig"
"746, Forrester Titchen"
"747, Kit Cholton"
"748, Angil Finnan"
"749, Felipa Pladen"
"750, Kelvin MacGorrie"
"751, Les Siddons"
"752, Karil MacDunlevy"
"753, Roy Olennikov"
"754, Alistair Sellick"
"755, Mariya Pagden"
"756, Bobbi Nise"
"757, Alonzo Onn"
"758, Kittie Cavey"
"759, Kane Yates"
"760, Ailyn Saundercock"
"761, Joyous Boichat"
"762, Hogan Boyett"
"763, Jose Anglin"
"764, Rube Thorne"
"765, Derek Toward"
"766, Clary Cervantes"
"767, Birgitta Cockarill"
"768, Adora Haugeh"
"769, Allayne Frandsen"
"770, Kaia O'Shields"
"771, Matthieu Kowalski"
"772, Rosemonde Seedman"
"773, Brittany Gauthorpp"
"774, Cobb Dorricott"
"775, Caldwell Felton"
"776, Ronna Kochl"
"777, Beverly Tamburo"
"778, Bette Afield"
"779, Julienne Tripp"
"780, Hercules Puden"
"781, Hynda McGing"
"782, Frankie Coppock."
"783, Adair Gabbotts"
"784, Shir Coleford"
"785, Fayre Utting"
"786, Ammamaria Mangion"
"787, Augustine Rosi"
"788, Noami Fairbard"
"789, Clarisse Denziloe"
"790, Timothy Matzke"
"791, Yule Whotton"
"792, Dasya Theseira"
"793, Alys Goosnell"
"794, Reggie Hake"
"795, Teddy Ayto"
"796, Jacky Errigo"
"797, Elvis Clousley"
"798, Tony Pearce"
"799, Paton Ertel"
"800, Westley Armor"
"801, Jocelyne Harcourt"
"802, Manuel Grealy"
"803, Therese Renish"
"804, Svend O'Bradane"
"805, Christos Baily"
"806, Briggs Attiwill"
"807, Silvie Deluce"
"808, Skippie Payle"
"809, Bart Tribell"
"810, Charmion Deerness"
"811, Alley McGavigan"
"812, Consolata Ragsdale"
"813, Dierdre Mott"
"814, Cheslie Goulder"
"815, Chet Goare"
"816, Chandra Edelheid"
"817, Louie Litster"
"818, Alaine Pallent"
"819, Jarib Stallworthy"
"820, Merrick Beynke"
"821, Jana Edgeler"
"822, Thorpe Poplee"
"823, Rochell Birrell"
"824, Say Longcaster"
"825, Burg Seeney"
"826, Ashly Peagram"
"827, Kalila O'Coskerry"
"828, Sabina Simester"
"829, Rosemaria Hurch"
"830, Virgie Delort"
"831, Lotti Casale"
"832, Cam Crowthe"
"833, Angelina Pherps"
"834, Fabien Jovovic"
"835, Leila Murray"
"836, Lovell Skullet"
"837, Mable Grisard"
"838, Gerhard Fraine"
"839, Annis Perot"
"840, Stoddard Goodsell"
"841, Blanch Bengle"
"842, Daniela Barras"
"843, Kermit Halburton"
"844, Ev Bayly"
"845, Murdock Sailes"
"846, Hillel Realff"
"847, Rutger Sawkins"
"848, Moria Tarpey"
"849, Zollie Chastelain"
"850, Wendi Midden"
"851, Howie Aloway"
"852, Sibyl Wildgoose"
"853, Pacorro Espinay"
"854, Hortensia Lillie"
"855, Xenia Ottey"
"856, Elliott Ferras"
"857, Town Ludovico"
"858, Shirlee Gaymar"
"859, Ruthann Mattiacci"
"860, Coop Stamper"
"861, Liana Smithyman"
"862, Lewes Tripney"
"863, Carine Bartozzi"
"864, Vinny Signoret"
"865, Sabine Snow"
"866, Modesty Soars"
"867, Sibylle Nesbeth"
"868, Isador MacNamara"
"869, Renae Stannard"
"870, Gifford Colleford"
"871, Mycah Allport"
"872, Stanislas M'Chirrie"
"873, Chas Harridge"
"874, Tammie Battle"
"875, Randee McCreath"
"876, Timothee De Carlo"
"877, Karlis Braun"
"878, Woodie Gillanders"
"879, Israel Ausello"
"880, Elbertine Dunan"
"881, Fabiano Broader"
"882, Geri Adlard"
"883, Jackie Williment"
"884, Merrile Gianiello"
"885, Catherine Ryton"
"886, Codie Jocic"
"887, Clement Chrystal"
"888, Gunar Lesly"
"889, Hurlee Armsden"
"890, Elfrida Domniney"
"891, Missy Vockings"
"892, Verene Rudge"
"893, Alexine Drohan"
"894, Borg Di Roberto"
"895, Roma Mattessen"
"896, Eryn Thornthwaite"
"897, Osborn McCarl"
"898, Jethro Gierth"
"899, Holt Nell"
"900, Bent Skarman"
"901, Thatcher Menendez"
"902, Phebe Mollin"
"903, Henrieta Spatarul"
"904, Gretel Wycliff"
"905, Laraine Wrixon"
"906, Corrianne MacKinnon"
"907, Nolly Burgott"
"908, Haywood Draxford"
"909, Giles Fadell"
"910, Ibrahim Coan"
"911, Carmel Fronsek"
"912, Claresta Allmen"
"913, Cesare Charlewood"
"914, Tresa Allchin"
"915, Jasper Minot"
"916, Harper Cleaveland"
"917, Wiatt Larratt"
"918, Gabby Shrimptone"
"919, Inez Chase"
"920, Jeanie Warlaw"
"921, Tove Whatford"
"922, Gabriela Gregor"
"923, Maximo Hallor"
"924, Justine Downe"
"925, Allyn Geram"
"926, Crissy Redgrave"
"927, Elliot Stonall"
"928, Maybelle Jenkerson"
"929, Moore Linn"
"930, Sonnnie Jado"
"931, Myrlene Twidale"
"932, Domeniga Aspden"
"933, Hannis Shipperbottom"
"934, Britte Birt"
"935, Dolley Raddin"
"936, Leupold Bartolini"
"937, Glenn Gilli"
"938, Isiahi Evitt"
"939, Herminia Dawby"
"940, Nata Harraway"
"941, Bellanca Armes"
"942, Sasha Romanin"
"943, Stepha Cuff"
"944, Nancie Brayshay"
"945, Sheryl Airs"
"946, Cordula Dufer"
"947, Connie Fulstow"
"948, Jonis Edgeworth"
"949, Vinnie Jedrzejkiewicz"
"950, Douglass Ellins"
"951, Enrica Greeson"
"952, Warner Kieran"
"953, Norah Laverick"
"954, Friederike Crock"
"955, Bibby Shurman"
"956, Kyla Sapsforde"
"957, Reider Storror"
"958, Barnie Ick"
"959, Rani Corah"
"960, Fancy McGreay"
"961, Orelie Tripet"
"962, Dael Leist"
"963, Nanci Cuolahan"
"964, Odetta Briztman"
"965, Kiah Frushard"
"966, Addy Togwell"
"967, Reinhard Trahair"
"968, Webb Archambault"
"969, Burl Methven"
"970, Cesar Habbin"
"971, Auria Beverage"
"972, Teodoro Dowsett"
"973, Fabian Hatter"
"974, Jillene Behan"
"975, Gabriel Terbrugge"
"976, Nat Butte"
"977, Cloris Welling"
"978, Rey Concklin"
"979, Rowe Rhodef"
"980, Teddie Glandfield"
"981, Kira Pimblotte"
"982, Angele Millhill"
"983, Chane Pester"
"984, Larine Farnall"
"985, Kali Humblestone"
"986, Kirstin Bendle"
"987, Minna Weinham"
"988, Burk Davies"
"989, Frannie Camble"
"990, Cari Laird"
"991, Pauli Andreou"
"992, Hermann Christian"
"993, Diane-marie Wagnerin"
"994, Pasquale Lorenzin"
"995, Olympia LLelweln"
"996, Pepi Wyett"
"997, Paulita Rookwell"
"998, Pavlov Machent"
"999, Elle Ilott"
"1000, Alisun Pengilly"
"1001, Carlo McCurdy"
"1002, Riobard Surgen"